Monday 8:00 AM,0.0,0.0,3.41972582466e-249,0.0,0.0,0.0,0.0,0.0,2.29481023663e-237,0.0,0.0,2.5557510590197466e-08,0.0,0.0,5.42970468881e-208,0.0,0.0,0.0,0.0,0.0,0.0,0.0,0.0,0.0,0.0,0.0,,,,
Monday 9:00 AM,0.0,0.0,6.99055949535e-212,0.0,0.0,0.0,0.0,0.0,0.0,0.0,6.99841089075e-285,5.8934625086507605e-06,0.0,5.01534712727e-152,0.0,0.0,1.15771202984e-233,1.52857143358e-280,0.0,0.0,1.47506562787e-112,0.0,0.0,0.0,8.25386837247e-235,0.0,,,,
Monday 10:00 AM,0.0,0.0,2.91276968855e-173,1.77875025624e-262,2.10810304585e-178,7.25561785515e-240,0.0,2.91315718291e-205,9.44560562742e-91,3.63890524386e-69,0.0,9.31561828025242e-10,0.0,1.78236279701e-46,1.96729678664e-87,2.23056881295e-246,4.29436822076e-88,4.679271441e-189,1.26230844555e-197,3.74601867131e-157,9.19479633158e-199,7.876893454e-257,1.79758951183e-79,3.05800966665e-193,2.31553945776e-249,1.65657639514e-261,,,,
Monday 11:00 AM,1.84920569905e-246,1.35473535996e-234,2.00977890408e-111,0.0,0.0,1.72707064402e-91,5.74971603885e-145,2.09211760013e-122,7.39077529753e-96,1.0888740333e-168,7.01542916367e-245,,4.93334543718e-151,5.5673777294e-61,1.02519967915e-71,2.43424345642e-124,0.0,3.40944853495e-268,0.0,9.59254752915e-47,2.05427278151e-233,3.13065619485e-95,8.85063033358e-271,0.0,4.66236316733e-38,2.13566883116e-67,,,,
Monday 12:00 PM,1.92907684386e-248,1.58178542259e-229,3.34321360964e-168,1.09367269495e-238,2.82384037755e-222,5.98228784832e-140,1.89409268247e-122,2.92128936015e-124,2.7208602676e-137,4.10305680533e-112,1.82796839181e-190,,1.98049602364e-131,2.5460891907e-27,1.61955748846e-16,8.75905759574e-26,6.82740282061e-66,8.27947163972e-151,1.41650446301e-50,4.92032314219e-18,4.14574747989e-77,8.6014814858e-29,0.0,6.55945947491e-254,3.81283724476e-45,1.11264619591e-300,,,,
Monday 1:00 PM,3.11631390974e-271,7.11096878307e-179,2.64389738972e-157,0.0,0.0,2.4130572554e-291,0.0,1.92192894062e-172,8.93753687683e-62,1.54709143368e-302,1.8274815517e-222,9.315618280171746e-10,1.50074524945e-67,2.09558244683e-26,2.12512684849e-102,2.48116750478e-19,6.73039593898e-145,0.0,2.83525789369e-95,1.65355415571e-53,0.0,1.39079772999e-214,4.58017799165e-278,2.02275900838e-212,7.31801558248e-92,5.06892825622e-114,,,,
Monday 2:00 PM,2.58707271988e-202,6.46747769477e-240,1.52213243328e-128,0.0,7.0200967159e-160,5.22757396991e-250,7.70868046898e-41,3.40044920323e-253,4.104937961e-163,2.12529976948e-66,2.36099140914e-245,1.3352720474917997e-08,6.68782381255e-142,0.0,6.3936903654e-256,7.36146318854e-104,0.0,1.27994617946e-273,5.66271407349e-294,0.0,3.51011368227e-71,1.11581703743e-252,0.0,0.0,6.98544872947e-108,3.44275380683e-126,,,,
Monday 3:00 PM,7.82360009093e-265,0.0,1.43296904008e-211,0.0,2.15860718374e-155,0.0,0.0,6.43111822884e-96,1.61060878943e-142,5.68544730073e-104,0.0,8.147846514919104e-08,0.0,1.56315028908e-133,5.11753253071e-227,1.08066084907e-156,1.01332571091e-239,2.05890536073e-14,5.12188242323e-305,0.0,8.24980400335e-50,1.35605925583e-60,7.96618661402e-127,0.0,1.41249853776e-222,4.67310755403e-223,,,,
Monday 4:00 PM,0.0,0.0,0.0,0.0,3.85022901365e-189,0.0,1.75092599432e-99,3.79005304962e-257,2.28761093974e-185,4.73424695859e-240,0.0,1.03379103437598e-06,0.0,0.0,0.0,0.0,2.90029980319e-152,9.12266880631e-56,1.71101063734e-152,2.3661522532e-129,1.39090352809e-53,2.01568453226e-131,4.57872268828e-216,0.0,2.32144676869e-310,0.0,,,,
Monday 5:00 PM,0.0,8.63728843045e-190,3.76899925689e-142,0.0,0.0,0.0,0.0,0.0,3.7789214235e-218,3.14900145754e-164,1.78051713165e-189,1.03379103437905e-06,3.56645881741e-113,2.06778746514e-167,1.88069513552e-155,2.58952151882e-262,4.44679338391e-60,1.77006218172e-116,0.0,4.38662891908e-214,2.40719893789e-19,6.31209592576e-165,0.0,0.0,0.0,7.97302834115e-92,,,,
Monday 6:00 PM,0.0,3.65918511904e-132,0.0,0.0,0.0,0.0,0.0,1.38864445887e-214,3.37544994944e-292,6.21417597904e-90,4.70996828891e-122,5.014779148299356e-06,1.3575254917e-146,0.0,1.20950868226e-110,0.0,2.8739099707e-197,3.3436512667e-82,0.0,9.77480249858e-253,0.0,2.27050601319e-47,6.49076231071e-267,0.0,4.91634776669e-129,0.0,,,,
Monday 7:00 PM,0.0,2.67197725578e-98,0.0,0.0,0.0,0.0,0.0,1.85799241234e-250,0.0,2.17997097054e-275,1.47642217421e-101,9.429794363092777e-12,2.67041322107e-46,6.36069892272e-88,0.0,0.0,0.0,1.15974034341e-82,0.0,1.73102105487e-102,0.0,0.0,0.0,0.0,8.88044778008e-165,7.07252615148e-175,,,,
Tuesday 8:00 AM,0.0,0.0,0.0,0.0,2.66820330233e-163,1.79938568378e-132,0.0,2.36450711874e-251,0.0,0.0,1.95408686775e-182,0.0,9.44902748621e-263,0.0,0.0,0.0,0.0,0.0,3.93357446113e-62,0.0,0.0,4.95201858907e-295,0.0,0.0,0.0,0.0,0.0,0.0,0.0,
Tuesday 9:00 AM,0.0,0.0,8.83169981238e-254,0.0,1.60396712451e-186,0.0,0.0,0.0,0.0,4.17339520728e-213,0.0,1.0050411725631899e-146,0.0,0.0,0.0,2.94413344791e-210,0.0,0.0,4.9286103716e-242,0.0,0.0,3.6424428164e-183,1.02892035989e-160,0.0,0.0,0.0,5.331845836273857e-124,3.0432611367927246e-138,0.0,
Tuesday 10:00 AM,2.76577168715e-303,3.99666610024e-114,0.0,0.0,8.02412062127e-142,1.38630764406e-153,1.39511725419e-157,0.0,1.954760158e-290,1.4254748098e-270,3.7807541003e-194,6.943860678742984e-274,2.81732829563e-27,3.27157650763e-197,4.4938335993e-194,1.28658796627e-165,0.0,1.87429958887e-112,0.0,3.38385280391e-167,9.12606620396e-240,1.19643228558e-119,3.86371235119e-113,6.04786737577e-307,0.0,1.05078595568e-175,8.40501160228384e-140,6.611746193220123e-281,6.716668555790347e-109,
Tuesday 11:00 AM,6.2704817931e-215,1.97983994554e-128,9.03967312882e-249,2.95922500324e-116,4.66788639824e-110,3.04522704831e-29,0.0,1.82737255242e-209,6.14787172191e-190,3.51634676985e-152,1.07778160962e-121,3.0014170924580744e-68,1.09803730295e-46,5.70957072925e-157,5.20763042079e-93,3.83824920021e-87,1.46882539062e-97,9.18894917065e-67,0.0,1.4021191456e-100,1.84944276961e-212,1.20518735606e-136,1.02651072107e-38,2.44440298036e-144,6.49859993654e-159,3.12074039268e-222,1.8366347075114118e-67,4.2850149613734284e-64,7.490386535414219e-38,
Tuesday 12:00 PM,1.96914536934e-218,3.06593388842e-103,6.10500762773e-157,1.2846754775e-133,0.0,2.27311337573e-231,5.35784772906e-221,4.03319665704e-210,7.27725802856e-44,2.41538888737e-284,2.91082166483e-159,2.244414924735881e-90,5.95137002314e-92,1.09396748508e-149,6.42408024174e-50,4.83594633239e-128,1.44573512936e-152,2.88158282069e-245,0.0,1.06434871087e-124,3.76388581868e-165,1.03148124049e-147,1.022075667e-79,1.5806391015e-113,6.19735716904e-197,2.70934526198e-166,2.4527406175982652e-142,4.309669169819163e-144,5.485427518119947e-106,
Tuesday 1:00 PM,9.01809142383e-227,4.92728543245e-226,0.0,8.03555177663e-196,1.64442147367e-142,1.09084547717e-53,0.0,0.0,3.41801217685e-109,2.4792881596e-230,1.12290890915e-150,5.660672025394794e-125,9.97562298041e-117,4.7508847685e-218,0.0,6.50869972174e-161,0.0,4.8649252503e-183,0.0,7.7255466148e-173,0.0,1.74201395475e-206,1.39837276532e-158,9.93137659074e-150,9.58606761529e-199,2.23602424116e-130,1.124936307990877e-143,0.0,2.7193127658411677e-158,
Tuesday 2:00 PM,6.03849958931e-232,0.0,8.26663021894e-205,1.58991689817e-219,1.26151943193e-219,6.10407553323e-259,0.0,1.20438018835e-253,1.17722242487e-227,2.12216100834e-206,0.0,1.007180278790865e-219,2.78736795745e-169,3.72949941426e-294,2.55034776381e-124,1.32764913034e-217,0.0,0.0,0.0,0.0,4.16458074129e-253,4.73311234268e-140,2.22414064677e-141,1.06134500069e-89,1.97635270333e-202,0.0,1.122050192841825e-143,0.0,0.0,
Tuesday 3:00 PM,1.54905517582e-124,0.0,0.0,0.0,3.81996382025e-229,4.15116151422e-232,0.0,0.0,4.87358114775e-168,2.95344238794e-291,0.0,6.573807820081218e-113,1.74973575803e-308,0.0,0.0,0.0,0.0,0.0,0.0,0.0,3.17108054478e-235,0.0,1.66830154632e-136,1.27961387465e-91,0.0,2.7765388289e-148,7.330794843446133e-129,0.0,0.0,
Tuesday 4:00 PM,0.0,4.28101943505e-282,0.0,0.0,1.15089323842e-176,0.0,3.25363470434e-90,2.45120288879e-252,0.0,0.0,0.0,4.703337675402253e-168,1.91467671076e-300,0.0,0.0,7.16488484024e-258,0.0,0.0,0.0,0.0,0.0,0.0,0.0,7.44695278639e-28,0.0,1.1994303277e-274,1.9007873643862137e-95,0.0,8.266665771277558e-293,
Tuesday 5:00 PM,0.0,0.0,0.0,0.0,9.31907631976e-101,1.87617813352e-219,5.68976286637e-63,2.12486924912e-266,0.0,0.0,1.15316836935e-117,2.1248972572576315e-147,3.13623531207e-293,0.0,0.0,0.0,2.11521852205e-265,0.0,0.0,0.0,0.0,0.0,0.0,0.0,0.0,2.73871634274e-223,1.5759154655652208e-134,0.0,1.2074929107290268e-193,
Tuesday 6:00 PM,0.0,1.79708978708e-239,1.52656183668e-182,0.0,2.73640696872e-188,7.78313953312e-268,1.82469799349e-265,1.2980113716e-302,0.0,0.0,2.29327184603e-11,7.547525650408145e-136,0.0,1.5386703286e-129,0.0,0.0,0.0,1.34400886309e-194,0.0,0.0,0.0,0.0,4.40099539322e-147,3.28346584851e-218,0.0,1.50527122881e-128,6.370203606166919e-74,0.0,3.4605491209279967e-206,
Tuesday 7:00 PM,5.01124919589e-308,0.0,4.56997768602e-272,6.86432375777e-122,2.32355698033e-235,2.42538022441e-81,4.34508897644e-129,0.0,0.0,1.56590739333e-107,2.32387059079e-29,5.718579498100715e-168,7.40136489581e-62,4.985217235e-310,0.0,2.23492437389e-238,1.08523511053e-300,6.02599552071e-265,3.4298610306e-277,2.97212169164e-276,0.0,4.16335114485e-302,0.0,2.12000059191e-218,5.97372809343e-216,2.19462150115e-138,0.0,5.439740961053221e-80,1.0264857538669017e-296,
Wednesday 8:00 AM,0.0,0.0,0.0,6.65038399935e-139,8.40210991873e-102,0.0,0.0,0.0,0.0,0.0,0.0,0.0,0.0,0.0,0.0,0.0,0.0,0.0,0.0,0.0,0.0,2.32063229456e-226,6.00668285026e-232,0.0,0.0,0.0,0.0,0.0,0.0,0.0
Wednesday 9:00 AM,0.0,8.021027747e-175,0.0,0.0,1.09978178374e-291,0.0,0.0,0.0,0.0,0.0,0.0,9.074947625306854e-229,0.0,0.0,0.0,6.27210835738e-207,0.0,7.60817326699e-261,0.0,2.86726119393e-127,0.0,0.0,2.72874374296e-120,3.00749750499e-303,3.53358169034e-184,5.68840452149e-261,7.066043482335082e-284,0.0,5.719499604949583e-300,0.0
Wednesday 10:00 AM,2.17028330418e-174,1.0546778224e-273,1.13073920255e-299,9.84773279239e-158,1.71307042031e-186,1.89230469747e-104,3.17830157271e-228,1.070650418e-211,3.59484882958e-118,0.0,3.34086135883e-128,2.1457912766536807e-227,3.54032845734e-29,1.56637647619e-296,0.0,1.1338470974e-156,2.11400110214e-269,2.03115544462e-152,0.0,0.0,0.0,1.20510267538e-55,6.01254772198e-89,3.22290736621e-150,1.47933537727e-157,4.0971461157e-135,3.4458126403169223e-106,0.0,8.68712141628165e-300,0.0
Wednesday 11:00 AM,0.0,2.01248936794e-176,1.14119986241e-203,7.20368504788e-136,4.81983396478e-285,6.58929260368e-210,5.26218524147e-139,3.66065611541e-274,8.11038761413e-27,0.0,7.88488421364e-220,6.523415859717243e-155,4.02831562446e-46,3.91622104616e-181,1.03649241692e-183,1.4610411288e-87,5.85831637599e-181,1.46134867522e-223,0.0,5.21253280352e-102,5.04894926236e-168,4.21312752699e-54,9.48704572418e-140,1.54997667118e-111,7.19017973705e-97,5.4412458741e-294,8.905878479471291e-73,0.0,1.0184042883936336e-148,1.0582043545265705e-120
Wednesday 12:00 PM,2.92622608952e-82,1.60337307276e-216,3.45817788778e-82,9.32622461445e-108,0.0,0.0,2.05184456166e-176,4.63166828521e-229,5.64004242936e-119,3.31721490186e-281,6.51701911197e-291,6.182305421373168e-193,2.67331346669e-22,2.04473285945e-138,1.20337918336e-235,4.33359233478e-263,2.74673334297e-150,5.90824600351e-221,3.0060697448e-243,1.86080784404e-266,3.74633741397e-176,5.55410800451e-56,4.39160516927e-151,3.10215602067e-116,7.30716889798e-283,1.94442083579e-59,4.6188135930702217e-54,5.904194069655862e-97,0.0,1.293370919341949e-209
Wednesday 1:00 PM,4.96934943728e-58,9.89169619674e-237,5.2237625126e-119,5.40132347143e-162,3.66961365964e-182,0.0,5.1569097071e-168,0.0,2.45073726072e-206,5.81023179529e-212,0.0,7.644821619274393e-209,2.35068069367e-172,2.72956594711e-114,5.64390563462e-183,0.0,4.90678010923e-139,0.0,0.0,4.06315772298e-133,6.68282048919e-209,1.0695735778e-75,1.69123174328e-164,4.87536416301e-95,1.01216221984e-100,7.42779991748e-253,3.4186378105123305e-145,0.0,0.0,2.0049247342950915e-150
Wednesday 2:00 PM,3.05296980299e-264,0.0,1.59904372741e-255,1.35255945928e-301,1.31225478492e-292,0.0,3.36646648124e-271,0.0,1.04248677577e-175,0.0,0.0,0.0,2.84423620917e-169,0.0,0.0,0.0,1.87590258285e-240,0.0,0.0,2.73105479984e-116,4.52598611203e-193,2.65610413277e-159,3.03327526156e-238,1.76723062032e-146,5.02952658152e-98,7.04716545395e-124,0.0,0.0,8.12660043087663e-220,4.801680249027306e-153
Wednesday 3:00 PM,7.1418575006e-300,0.0,0.0,2.18748418147e-285,2.65219908413e-233,0.0,0.0,2.35900376911e-305,5.580816714e-54,0.0,0.0,1.1888321976564847e-171,9.39628788374e-137,0.0,0.0,0.0,0.0,0.0,0.0,1.29457905204e-132,7.80172420756e-171,1.95026542259e-300,2.16339094669e-161,0.0,7.77628312576e-111,7.92519339827e-87,0.0,1.6448268432480537e-176,0.0,2.372983567345674e-108
Wednesday 4:00 PM,0.0,0.0,1.44145665679e-300,0.0,0.0,0.0,0.0,0.0,4.61482503766e-275,0.0,0.0,4.160022470316537e-219,0.0,0.0,0.0,0.0,5.55039219615e-304,0.0,2.66168031417e-277,0.0,0.0,0.0,4.11174235719e-66,0.0,9.29605967604e-174,5.99549075155e-306,0.0,7.059992258139925e-219,2.8648105229934743e-188,0.0
Wednesday 5:00 PM,0.0,0.0,5.07426017171e-300,0.0,2.69378957528e-295,0.0,0.0,4.93233653011e-72,0.0,0.0,6.38527490732e-78,0.0,2.30320942973e-123,0.0,0.0,0.0,0.0,5.52688429208e-217,0.0,0.0,0.0,0.0,7.98568240771e-164,2.02864766458e-209,1.82658084799e-291,2.20883122589e-159,1.6319601411265956e-38,1.7198924966253648e-227,4.366739825782646e-193,0.0
Wednesday 6:00 PM,2.93741708503e-268,0.0,1.19870300047e-246,5.78677109202e-251,0.0,0.0,0.0,0.0,0.0,0.0,1.44039042555e-248,0.0,0.0,0.0,0.0,0.0,0.0,0.0,0.0,0.0,2.20144110344e-169,0.0,8.49733797633e-255,7.57034188668e-222,4.98397558806e-142,2.96170355779e-179,0.0,4.9391314392587484e-110,4.3059622717319154e-145,2.6979883741102307e-132
Wednesday 7:00 PM,0.0,0.0,0.0,1.26402089544e-147,0.0,0.0,7.10550068005e-94,1.56618208706e-278,0.0,1.39137776536e-96,1.96512486539e-210,1.1162416307215782e-187,7.65052053493e-205,4.19300376043e-200,3.88536689382e-84,1.58649540216e-78,3.89930332211e-133,1.06471656714e-156,3.71773358414e-298,2.33052572724e-36,6.79245558591e-124,0.0,3.31663821649e-38,2.77710401613e-35,2.95908369809e-185,8.16353255903e-276,1.6320653690172747e-245,1.0504466903061523e-41,0.0,1.9516467909109233e-17
Thursday 8:00 AM,9.86696041438e-211,0.0,0.0,0.0,7.38914023947e-100,0.0,0.0,0.0,0.0,0.0,0.0,0.0,0.0,0.0,0.0,0.0,0.0,0.0,0.0,0.0,0.0,2.92608975981e-162,0.0,0.0,0.0,0.0,0.0,0.0,0.0,0.0
Thursday 9:00 AM,1.25202739032e-245,1.19546170705e-244,0.0,0.0,0.0,0.0,0.0,7.11094572356e-252,0.0,3.43390569238e-178,1.54782319137e-201,0.0,0.0,0.0,0.0,0.0,0.0,0.0,0.0,0.0,7.63560848509e-127,0.0,1.72422353032e-182,6.91442405693e-288,1.23863639037e-86,6.0642092067e-213,5.2578363623477345e-194,0.0,0.0,8.55543958165354e-134
Thursday 10:00 AM,4.53466082267e-217,4.66954342724e-115,1.1498840888e-239,0.0,3.40338254868e-254,6.23205211831e-59,4.06585452975e-107,9.46021177077e-198,3.27258891426e-33,6.30334938277e-283,2.3881199666e-81,1.8870861776516546e-89,1.33476552634e-49,1.35384698848e-72,2.73793352706e-48,1.98935941887e-122,1.67409003144e-96,2.8500742083e-203,3.07730544662e-143,1.15353562188e-163,1.02671274877e-150,3.50383885568e-197,7.54917892697e-116,1.1823637484e-142,3.50613512692e-114,0.0,0.0,9.390052067775296e-273,0.0,1.0313702808354797e-131
Thursday 11:00 AM,0.0,6.00596573891e-109,3.84492139443e-151,6.45378157938e-91,0.0,1.29747535079e-215,3.48286878438e-64,1.5522928351e-146,3.07730820189e-94,3.13924341873e-90,2.00729001893e-285,9.024676099906319e-98,4.07932370903e-24,3.23761414866e-24,2.38658481672e-40,1.52165542114e-66,1.49580966493e-58,4.58297377778e-34,7.40744031614e-147,2.00241978793e-193,3.94359903114e-123,2.17486374014e-161,4.01590616654e-51,5.14541808701e-74,3.12193044707e-145,1.83275086501e-283,5.982895353049349e-80,5.262488418240095e-192,5.699077046550422e-89,0.0
Thursday 12:00 PM,8.55306918048e-202,3.46680378647e-97,6.39904376961e-192,4.05101408208e-228,0.0,0.0,0.0,5.47888188079e-136,3.09724916481e-44,1.09082195042e-179,6.78194882608e-190,1.0571573506697244e-65,2.80041758361e-60,1.0589847411e-64,7.41065074714e-44,0.0,4.80316474077e-146,3.81011947822e-72,3.19835023824e-66,1.04154310798e-138,1.07021841162e-82,4.28145927517e-54,0.0,0.0,1.70298090307e-107,0.0,0.0,3.0190087607080625e-164,1.885323998264684e-82,4.034167890370047e-203
Thursday 1:00 PM,0.0,5.89744818466e-194,0.0,0.0,2.67931054366e-270,2.04893863629e-288,1.62741486112e-60,0.0,1.00741079114e-105,0.0,9.1825493522e-108,1.9814854498353814e-146,6.1915613339e-127,2.95861233975e-303,2.00381383622e-165,0.0,1.00706379269e-119,2.29033160755e-53,3.42678098771e-29,3.22752905322e-229,4.90033019595e-191,8.98128232187e-134,7.62920381571e-67,9.94939702561e-195,2.3332445985e-69,0.0,7.597441987406165e-159,1.3504688482402365e-60,1.3777010128102482e-200,2.840439018537187e-83
Thursday 2:00 PM,0.0,2.16260382105e-227,0.0,0.0,0.0,0.0,5.43061061261e-172,7.38202037839e-235,2.34435700269e-116,0.0,8.39991591436e-236,1.851800046105633e-220,0.0,1.07944545066e-48,0.0,0.0,1.14857707028e-130,0.0,1.11013727276e-63,0.0,2.67093802248e-194,1.53023854716e-203,6.73827197675e-94,0.0,3.23820579271e-286,3.95613540778e-137,0.0,3.149374375655596e-174,8.495201398249313e-155,0.0
Thursday 3:00 PM,1.12797805213e-210,0.0,0.0,1.40048938908e-125,0.0,3.49460510964e-285,5.42887368153e-308,3.1461877541e-115,1.78361953709e-296,0.0,4.49518520602e-236,2.819235549241264e-250,0.0,4.07859686414e-202,0.0,5.67462987841e-135,1.06197537037e-203,4.4216868319e-149,4.90235846273e-98,1.2139111161e-245,3.37829105107e-80,9.72477409798e-194,9.40742730653e-14,3.53107483806e-123,0.0,1.51372088333e-293,0.0,0.0,4.522849132521247e-147,2.3312051112964314e-210
Thursday 4:00 PM,0.0,0.0,0.0,3.79055485689e-212,4.98663029487e-230,0.0,0.0,5.56312357059e-196,0.0,1.84785628365e-237,9.68077639429e-235,2.1908605397574622e-91,3.8335301723e-90,0.0,0.0,1.38370429844e-188,0.0,9.40286171496e-206,0.0,0.0,0.0,0.0,5.72096727196e-58,0.0,0.0,6.90495369028e-264,0.0,5.700676163761612e-188,1.6689761498707074e-195,0.0
Thursday 5:00 PM,0.0,0.0,0.0,0.0,1.90167600749e-95,1.44416930886e-246,7.50341842597e-231,2.31022683781e-245,0.0,2.72203123306e-163,1.83298181826e-247,1.3572018105117974e-232,7.31571717194e-261,2.31992813686e-279,0.0,2.22116953495e-234,0.0,4.8988342544e-178,0.0,0.0,1.0415049554e-60,3.20194595064e-229,8.72905673923e-81,0.0,6.08024049123e-305,7.66504691052e-178,0.0,0.0,1.8957766429060513e-221,2.275264813390584e-201
Thursday 6:00 PM,0.0,2.72061789709e-240,0.0,0.0,0.0,1.45240543185e-142,0.0,0.0,0.0,9.28693612943e-87,0.0,2.7364481940298227e-94,0.0,0.0,3.42276990477e-116,5.81754283625e-133,0.0,0.0,3.85713410248e-89,0.0,1.43398546901e-103,2.66828110946e-266,8.02056562696e-18,0.0,2.41999559053e-180,5.10085337416e-186,1.2924963400535313e-142,1.5516147969425985e-130,0.0,5.066787993688456e-158
Thursday 7:00 PM,0.0,5.51651635134e-279,2.85898600305e-225,0.0,9.61188175134e-88,1.9021061043e-83,5.11492578757e-220,6.56456371174e-281,0.0,2.16500477139e-225,1.84366223507e-57,2.9443335159547247e-69,0.0,0.0,4.85870042833e-35,1.15906488624e-27,3.00496992203e-309,1.33573530572e-296,1.12284816004e-22,4.01242717275e-162,4.75730089256e-143,0.0,7.16067874269e-24,6.73068870959e-149,0.0,0.0,5.562102522544197e-144,1.791086964740145e-122,1.4705344666950915e-165,3.4261085192294226e-153
Friday 8:00 AM,1.59755184374e-70,0.0,2.42002909211e-258,0.0,0.0,0.0,0.0,6.47141462748e-208,0.0,5.07679898656e-208,0.0,0.0,0.0,0.0,1.01871166769e-256,1.39145015633e-310,0.0,0.0,0.0,0.0,0.0,0.0,0.0,8.28242010918e-168,0.0,0.0,0.0,0.0,0.0,0.0
Friday 9:00 AM,7.30421275712e-234,0.0,2.35570746092e-185,0.0,2.93437130175e-260,0.0,7.93612802656e-193,1.27919442944e-231,0.0,3.25944875599e-192,4.06836782881e-226,4.494499811081536e-62,3.17397444132e-238,0.0,0.0,0.0,0.0,4.03410719223e-226,0.0,2.40012203627e-196,1.85810010695e-187,1.70241955282e-175,1.39578458808e-301,5.9912061817e-219,3.26444632813e-193,1.78041519829e-118,2.2516610814941378e-195,0.0,0.0,0.0
Friday 10:00 AM,0.0,1.31909027712e-150,3.11486745725e-170,0.0,4.27289229541e-232,2.21806008816e-42,6.79589181938e-97,2.5728497707e-119,6.38830364367e-51,0.0,1.35223038823e-136,5.44379642868878e-55,8.35720477842e-67,2.39967377032e-18,1.88499317049e-26,2.22826201366e-71,1.87201416342e-118,1.17610582191e-184,3.51895847856e-189,3.84074704247e-183,5.25009277496e-191,1.0190789334e-126,7.69817399361e-182,1.92000327242e-212,6.25594585007e-242,9.57820027119e-125,1.337355879191105e-204,4.382570891652153e-139,0.0,1.2382715499130534e-269
Friday 11:00 AM,0.0,1.65693659483e-76,7.48785730528e-73,1.92556795438e-170,1.5511803648e-284,3.12289851366e-27,1.98418092036e-37,1.00824165337e-108,4.40577628838e-40,0.0,1.22051437406e-101,6.401677332908241e-39,8.5730562254e-66,1.38058915682e-87,3.12093268101e-38,5.86874815843e-134,1.2596916129e-31,1.14115366246e-99,3.00176982859e-86,3.04932558296e-197,4.83646470912e-52,1.47758475045e-102,0.0,5.06452488489e-186,1.98606377381e-226,7.10582434038e-34,6.875789786991179e-11,4.462471051355301e-182,2.7042341744871807e-97,3.7051122401865315e-85
Friday 12:00 PM,0.0,0.0,3.39650235031e-279,0.0,1.07854484599e-233,3.71744763007e-44,9.46501713164e-23,0.0,9.79630018143e-26,5.66677153331e-198,2.53365490201e-65,7.729069881749844e-31,2.74080790477e-91,1.39162309698e-64,6.71994947479e-82,2.72402857211e-84,1.22209992869e-61,1.76012680239e-101,2.3968746007e-69,0.0,3.28724017188e-49,8.58880186417e-92,2.54903018396e-308,8.03069486136e-108,3.15759718887e-301,1.02677166057e-32,0.0,2.16175927798151e-83,2.00371463150333e-152,4.970977469092793e-50
Friday 1:00 PM,2.82303911088e-215,0.0,3.28529906242e-269,7.24406556245e-221,4.46928595199e-225,2.14006720664e-68,8.65814289532e-44,0.0,5.07663393952e-30,1.9791578148e-145,0.0,1.860391298133886e-37,6.42083999883e-50,7.85043160696e-164,0.0,3.80330923868e-228,2.42635916683e-131,5.56358198144e-129,4.1441554324e-38,1.84054407725e-205,1.40805670549e-161,1.24496273203e-274,6.40482956571e-190,2.42409871159e-123,9.46895890155e-108,2.64826478516e-101,0.0,0.0,5.281135832525245e-261,6.092308543992922e-45
Friday 2:00 PM,1.91666760955e-193,0.0,7.01857778497e-297,0.0,0.0,3.74461813668e-55,9.43978830348e-122,2.58510596832e-304,1.4127580348e-09,0.0,0.0,1.863707830754762e-85,5.27187100598e-83,1.08726660478e-118,7.47138866134e-28,2.35627086076e-61,3.62990422203e-160,3.26590316418e-173,2.31492861356e-178,8.09772247637e-259,1.64226696389e-156,7.48959321504e-111,4.80562470165e-163,3.15209016469e-132,1.29461660596e-233,7.87036814367e-172,0.0,4.220863744331468e-202,3.0093435967724454e-137,0.0
Friday 3:00 PM,3.29415090114e-278,3.23845584253e-191,0.0,0.0,0.0,0.0,0.0,1.96861000204e-296,4.912401403e-268,0.0,0.0,0.0,4.22124102389e-128,1.6004514386e-129,2.40455698365e-258,0.0,0.0,2.39111280813e-120,0.0,0.0,5.7128501343e-16,0.0,1.31936043132e-51,1.82169708313e-164,5.48218633169e-286,2.03879663632e-120,5.632793331385169e-175,0.0,6.266729172024357e-205,2.6869122100364736e-147
Friday 4:00 PM,8.19135089038e-259,0.0,1.71365791191e-262,1.50870663015e-221,0.0,0.0,8.78437795628e-229,7.92104813456e-232,2.5749103332e-205,0.0,0.0,2.2899880108996607e-141,2.3802353742e-181,7.43278862889e-161,2.01292499628e-120,8.86274905881e-36,6.72437473062e-282,6.50396701114e-148,0.0,8.50475869445e-200,3.359338398e-138,1.0680265702e-79,1.09896762503e-110,1.80604760153e-301,0.0,5.93047018814e-207,6.233946972899274e-26,5.32927432744124e-310,2.035286499285117e-59,0.0
Friday 5:00 PM,0.0,0.0,1.66448749808e-225,1.94114445125e-141,0.0,4.11590674665e-229,1.4963572363e-181,0.0,0.0,1.29625855342e-309,2.92113013122e-146,3.7248477788191683e-208,6.98232631225e-269,0.0,5.68946614569e-187,2.29041447018e-287,0.0,0.0,3.65364284649e-214,3.09912234733e-306,9.00390135172e-13,7.97063981093e-155,9.92806645229e-110,1.19607951805e-223,4.3892551618e-183,7.46936251105e-303,0.0,0.0,6.062169403049366e-134,0.0
Friday 6:00 PM,2.16644738914e-231,0.0,0.0,4.70094692014e-273,0.0,5.44362100209e-239,0.0,2.29880692258e-256,0.0,0.0,5.12149227787e-296,0.0,3.56809003642e-74,1.64595559313e-190,3.61814631797e-179,2.32407172868e-306,0.0,1.34012531458e-202,0.0,0.0,5.89579598365e-288,4.78428983425e-186,0.0,0.0,4.21949819769e-172,7.65761291845e-94,1.2457514372588815e-248,3.668016789049164e-166,8.590559422085761e-229,2.3909985776850344e-140
Friday 7:00 PM,0.0,7.13040338372e-246,2.73250157489e-204,3.83333953659e-228,0.0,2.04767412836e-208,0.0,1.52492420311e-298,0.0,7.79349192488e-128,1.32816721519e-47,3.4991860668253536e-148,5.63524164811e-175,9.96308850827e-201,0.0,6.17156530907e-277,5.59396056186e-143,0.0,1.03830893221e-209,4.42479156343e-241,3.59910793585e-11,1.11670149773e-102,2.06066156254e-305,0.0,0.0,1.18104807992e-228,1.4441032099917223e-75,1.4385864392626107e-24,1.67939461806985e-87,1.2726498528927393e-142
Saturday 8:00 AM,0.0,7.30095405165e-21,0.0,1.62844398e-98,0.0,4.94763939858e-239,1.86215425456e-13,0.0,0.0,0.0,0.0,0.0,0.0,0.0,0.0,0.0,0.0,0.0,0.0,0.0,0.0,0.0,0.0,0.0,0.0,0.0,0.0,8.745441779549819e-299,0.0,0.0
Saturday 9:00 AM,3.2028481419e-306,6.65875543107e-279,2.23696956861e-126,2.68254889872e-23,0.0,0.0,0.0,2.75341443845e-26,0.0,0.0,6.62541642859e-232,0.0,0.0,0.0,4.06239466701e-172,0.0,0.0,0.0,1.58175006157e-20,2.89851696982e-132,0.0,0.0,0.0,5.49734467608e-160,0.0,0.0,0.0,0.0,0.0,0.0
Saturday 10:00 AM,2.53391609002e-156,0.0,3.65105591477e-282,1.1909534782e-06,0.0,1.72927538376e-220,8.32603041332e-13,2.81887440502e-52,1.07567692301e-25,0.0,5.74062437063e-242,8.080812038090437e-199,1.36524356096e-138,1.59380865864e-65,1.68270646458e-50,0.0,0.0,1.04887531019e-257,2.23670167387e-10,9.5030349424e-09,0.0,0.0,3.85684868692e-99,0.0,0.0,0.0,0.0,0.0,1.5125130699916961e-127,5.568223140498591e-250
Saturday 11:00 AM,7.394345458e-187,0.0,8.63242379251e-209,2.02741964108e-121,0.0,7.29243990713e-18,1.78409388376e-301,5.89882242394e-281,0.0,1.79399762273e-40,9.89933653044e-159,1.5571903172662509e-22,1.67578074813e-103,1.71344956877e-69,1.05008422221e-140,0.0,2.1158398166e-43,1.04753945641e-60,0.0,0.0,0.0,4.55358268701e-32,4.17595654544e-114,5.80317621258e-21,1.61333210247e-303,0.0,1.6100925820957267e-28,3.7177056484321263e-16,1.2514712426019162e-288,5.503114459940559e-250
Saturday 12:00 PM,0.0,6.24634613091e-94,7.29106645986e-183,1.00578143432e-54,4.84027406401e-38,6.74776451728e-09,4.62931156277e-47,0.0,8.38420577535e-40,4.15523429755e-136,9.55035081979e-226,7.926583136372448e-77,3.20529274625e-113,8.37436179508e-52,5.47532094947e-233,0.0,0.0,1.21848173316e-05,9.01494611529e-83,2.07777447191e-13,1.97343921937e-100,6.99382851554e-82,4.17143756381e-48,1.83709964081e-236,2.11952082384e-95,2.36624087666e-77,1.0590865006978751e-13,0.0,3.0098539892297164e-192,0.0
Saturday 1:00 PM,1.02739816882e-35,6.69795106759e-146,0.0,0.0,3.97568616765e-67,3.29387730735e-08,0.0,5.62248475753e-65,1.1677017046e-20,9.36912302211e-138,2.12044767012e-07,0.0,9.57884864207e-104,3.78247536883e-189,0.0,9.26492956095e-287,2.70317931542e-22,9.91154228064e-21,1.20399252194e-174,4.62891758319e-125,8.5121127451e-39,0.0,7.78352703772e-98,5.40460061484e-182,0.0,1.38312389759e-184,0.0,6.977236298131803e-81,6.199269961705031e-167,1.7624788674420849e-211
Saturday 2:00 PM,3.86418874087e-40,2.35771939221e-100,1.41686199706e-182,2.09276352399e-69,4.17902784926e-86,1.19173949099e-26,0.0,0.0,8.75899916632e-233,7.71427857103e-25,0.0,0.0,1.89028963812e-136,0.0,8.13983733739e-19,1.47317338016e-215,0.0,1.64893693209e-72,4.69455835199e-115,0.0,0.0,0.0,1.42235329789e-238,4.76780020432e-63,4.94202216555e-112,0.0,3.483058161765772e-158,2.271088125676702e-25,2.0935111558776966e-210,1.7326986450689603e-286
Saturday 3:00 PM,3.40892580869e-123,9.99340411527e-101,9.83107905686e-291,1.35826313864e-50,0.0,3.23274704993e-107,0.0,0.0,0.0,4.41452786814e-205,2.29790927198e-57,1.8933815756838992e-87,0.00175630150508,2.15624291315e-183,0.0,0.0,1.03126224835e-24,0.0,2.3756662273e-281,2.14524752308e-20,2.57890644242e-38,2.22503099256e-59,7.51890317814e-48,6.14895642815e-71,2.35736154917e-172,3.57294274432e-91,1.6904072602556473e-62,0.0,1.1050583787568032e-141,5.071839940768854e-263
Saturday 4:00 PM,1.48101281932e-70,5.06477374363e-84,2.6850496303e-269,1.40160182254e-38,1.41959360977e-52,6.16662021927e-160,0.0,6.74257233833e-62,0.0,0.0,2.29221198062e-260,0.0,0.0,2.59577776908e-197,1.28177133341e-29,3.65820733288e-195,1.46125198626e-28,1.21481389828e-23,4.36063468429e-209,0.0,5.42782037023e-50,4.91138221305e-137,0.00115890705126,1.18905586383e-35,2.12295235784e-70,0.0,0.0,1.5037114440862205e-99,3.4585435866579648e-96,3.5350367590916506e-197
Saturday 5:00 PM,1.60055114537e-185,0.0,1.28823477088e-147,2.92142034486e-214,1.25954079869e-129,0.0,8.95151374188e-33,0.0,1.67118889374e-69,7.17810849642e-135,0.0,0.0,1.83959645268e-242,6.83785342098e-116,2.21177521693e-101,1.09748840722e-118,2.31042622998e-46,1.56405617852e-123,1.42985279048e-83,0.0,0.0,1.64054329415e-129,1.59658761438e-75,3.79739285879e-134,0.0,0.0,0.0,2.1717184611016417e-168,1.287042239172938e-239,0.0
Saturday 6:00 PM,0.0,2.83378755399e-231,2.02658402354e-274,4.11291515045e-300,1.71428189227e-137,1.95466210506e-252,8.72250429707e-224,8.40542050439e-170,8.68468008264e-77,3.75707064736e-224,3.91135291454e-223,0.0,0.0,1.1236570647e-55,1.64398770633e-157,1.57988528475e-108,0.0,2.83018523739e-80,0.0,3.11908791063e-62,1.85044277385e-177,5.00321766883e-114,7.47133906794e-136,4.27425166179e-213,0.0,2.54942317845e-129,0.0,9.47775637620715e-58,5.218815400320249e-158,0.0
Saturday 7:00 PM,0.0,0.0,4.43704668294e-212,3.70180958847e-209,3.89159757006e-227,4.69756152873e-95,0.0,2.56464671886e-135,2.94777554496e-131,1.88662929725e-239,3.44727537366e-69,1.342376218284626e-152,3.13106160012e-212,5.94878854833e-80,1.05140468759e-174,5.85019530529e-238,5.71351348166e-110,1.17021802761e-81,0.0,7.9689451345e-46,0.0,3.39758023139e-114,8.88311500366e-12,0.0,0.0,4.903667127e-19,5.010973120662546e-75,7.557508923219808e-135,0.0,0.0
